{"cameraMode":{"drawMode":2,"name":"Shaded Wireframe","section":"Shading Mode"},"sceneLighting":true,"audioPlay":false,"sceneViewState":{"showFog":true,"showMaterialUpdate":false,"showSkybox":true,"showFlares":true,"showImageEffects":true,"showParticleSystems":true},"in2DMode":false,"pivot":{"x":5.83059549331665,"y":-65.15147399902344,"z":132.49032592773438},"rotation":{"x":0.23070180416107179,"y":0.0198904350399971,"z":-0.005103027913719416,"w":0.9730231165885925},"size":163.51974487304688,"orthographic":false}