{"cameraMode":{"drawMode":0,"name":"Shaded","section":"Shading Mode"},"sceneLighting":false,"audioPlay":false,"sceneViewState":{"showFog":true,"showMaterialUpdate":false,"showSkybox":true,"showFlares":true,"showImageEffects":true,"showParticleSystems":true},"in2DMode":false,"pivot":{"x":1.9983793497085572,"y":-6.698932647705078,"z":12.925607681274414},"rotation":{"x":-0.2886437177658081,"y":0.003444510977715254,"z":-0.0010382633190602065,"w":-0.9574359655380249},"size":17.401302337646486,"orthographic":false}