{"cameraMode":{"drawMode":0,"name":"Shaded","section":"Shading Mode"},"sceneLighting":true,"audioPlay":false,"sceneViewState":{"showFog":true,"showMaterialUpdate":false,"showSkybox":true,"showFlares":true,"showImageEffects":true,"showParticleSystems":true},"in2DMode":false,"pivot":{"x":1.0733652114868165,"y":1.380435824394226,"z":-1.0272300243377686},"rotation":{"x":0.22337371110916139,"y":0.02432980202138424,"z":-0.005895278882235289,"w":0.9746159911155701},"size":2.1007001399993898,"orthographic":false}