{"cameraMode":{"drawMode":2,"name":"Shaded Wireframe","section":"Shading Mode"},"sceneLighting":true,"audioPlay":false,"sceneViewState":{"showFog":true,"showMaterialUpdate":false,"showSkybox":true,"showFlares":true,"showImageEffects":true,"showParticleSystems":true},"in2DMode":false,"pivot":{"x":-1.0396838188171387,"y":1.5061763525009156,"z":-2.0402941703796388},"rotation":{"x":-0.14903020858764649,"y":-0.22807976603507996,"z":0.03557299077510834,"w":-0.9615967273712158},"size":-0.00007748603820800781,"orthographic":false}